{"cameraMode":{"drawMode":0,"name":"Shaded","section":"Shading Mode"},"sceneLighting":false,"audioPlay":false,"sceneViewState":{"showFog":true,"showMaterialUpdate":false,"showSkybox":true,"showFlares":true,"showImageEffects":true,"showParticleSystems":true},"in2DMode":false,"pivot":{"x":-0.2978627383708954,"y":0.5941540598869324,"z":1.0090489387512208},"rotation":{"x":-0.06015556678175926,"y":-0.010822848416864872,"z":-0.0012383139692246914,"w":-0.9981296062469482},"size":10.025075912475586,"orthographic":false}