{"cameraMode":{"drawMode":0,"name":"Shaded","section":"Shading Mode"},"sceneLighting":true,"audioPlay":false,"sceneViewState":{"showFog":true,"showMaterialUpdate":true,"showSkybox":true,"showFlares":true,"showImageEffects":true,"showParticleSystems":true},"in2DMode":false,"pivot":{"x":145.7569122314453,"y":8.502897262573243,"z":-0.05026271566748619},"rotation":{"x":0.06998999416828156,"y":-0.9190942645072937,"z":0.19043700397014619,"w":0.33778825402259829},"size":27.357778549194337,"orthographic":false}