{"cameraMode":{"drawMode":0,"name":"Shaded","section":"Shading Mode"},"sceneLighting":true,"audioPlay":false,"sceneViewState":{"showFog":true,"showMaterialUpdate":true,"showSkybox":true,"showFlares":true,"showImageEffects":true,"showParticleSystems":true},"in2DMode":false,"pivot":{"x":-15.167999267578125,"y":5.480000019073486,"z":0.0},"rotation":{"x":0.06998999416828156,"y":-0.9190942645072937,"z":0.19043700397014619,"w":0.33778825402259829},"size":5.093390941619873,"orthographic":false}